id,name,model_id:id,group_id:id,perm_read,perm_write,perm_create,perm_unlink
access_audit_log_system,l10n_ve_audit_log_system,model_l10n_ve_audit_log,base.group_system,1,1,1,1
access_audit_log_auditor,l10n_ve_audit_log_auditor,model_l10n_ve_audit_log,group_fiscal_auditor,1,0,0,0
access_auditor_account_move,auditor_account_move,account.model_account_move,group_fiscal_auditor,1,0,0,0
access_auditor_account_move_line,auditor_account_move_line,account.model_account_move_line,group_fiscal_auditor,1,0,0,0
access_auditor_account_journal,auditor_account_journal,account.model_account_journal,group_fiscal_auditor,1,0,0,0
access_auditor_account_payment,auditor_account_payment,account.model_account_payment,group_fiscal_auditor,1,0,0,0
access_auditor_res_partner,auditor_res_partner,base.model_res_partner,group_fiscal_auditor,1,0,0,0
access_auditor_res_currency,auditor_res_currency,base.model_res_currency,group_fiscal_auditor,1,0,0,0
access_auditor_res_currency_rate,auditor_res_currency_rate,base.model_res_currency_rate,group_fiscal_auditor,1,0,0,0
